"id","product_tmpl_id/id","attribute_value_ids/id"
"product_product_cat4_82","insurance_broker_car_pricing.product_template_cat4","insurance_broker_car_pricing.product_attribute_fp_value_fp1,insurance_broker_car_pricing.product_attribute_seats_value_3"
"product_product_cat4_83","insurance_broker_car_pricing.product_template_cat4","insurance_broker_car_pricing.product_attribute_fp_value_fp1,insurance_broker_car_pricing.product_attribute_seats_value_4"
"product_product_cat4_84","insurance_broker_car_pricing.product_template_cat4","insurance_broker_car_pricing.product_attribute_fp_value_fp1,insurance_broker_car_pricing.product_attribute_seats_value_5"
"product_product_cat4_85","insurance_broker_car_pricing.product_template_cat4","insurance_broker_car_pricing.product_attribute_seats_value_6,insurance_broker_car_pricing.product_attribute_fp_value_fp1"
"product_product_cat4_86","insurance_broker_car_pricing.product_template_cat4","insurance_broker_car_pricing.product_attribute_seats_value_7,insurance_broker_car_pricing.product_attribute_fp_value_fp1"
"product_product_cat4_87","insurance_broker_car_pricing.product_template_cat4","insurance_broker_car_pricing.product_attribute_fp_value_fp1,insurance_broker_car_pricing.product_attribute_seats_value_8"
"product_product_cat4_88","insurance_broker_car_pricing.product_template_cat4","insurance_broker_car_pricing.product_attribute_fp_value_fp1,insurance_broker_car_pricing.product_attribute_seats_value_9"
"product_product_cat4_89","insurance_broker_car_pricing.product_template_cat4","insurance_broker_car_pricing.product_attribute_seats_value_10,insurance_broker_car_pricing.product_attribute_fp_value_fp1"
"product_product_cat4_90","insurance_broker_car_pricing.product_template_cat4","insurance_broker_car_pricing.product_attribute_seats_value_11,insurance_broker_car_pricing.product_attribute_fp_value_fp1"
"product_product_cat4_91","insurance_broker_car_pricing.product_template_cat4","insurance_broker_car_pricing.product_attribute_fp_value_fp1,insurance_broker_car_pricing.product_attribute_seats_value_12"
"product_product_cat4_92","insurance_broker_car_pricing.product_template_cat4","insurance_broker_car_pricing.product_attribute_seats_value_13,insurance_broker_car_pricing.product_attribute_fp_value_fp1"
"product_product_cat4_93","insurance_broker_car_pricing.product_template_cat4","insurance_broker_car_pricing.product_attribute_seats_value_14,insurance_broker_car_pricing.product_attribute_fp_value_fp1"
"product_product_cat4_94","insurance_broker_car_pricing.product_template_cat4","insurance_broker_car_pricing.product_attribute_fp_value_fp1,insurance_broker_car_pricing.product_attribute_seats_value_15"
"product_product_cat4_95","insurance_broker_car_pricing.product_template_cat4","insurance_broker_car_pricing.product_attribute_fp_value_fp1,insurance_broker_car_pricing.product_attribute_seats_value_16"
"product_product_cat4_96","insurance_broker_car_pricing.product_template_cat4","insurance_broker_car_pricing.product_attribute_fp_value_fp1,insurance_broker_car_pricing.product_attribute_seats_value_17"
"product_product_cat4_97","insurance_broker_car_pricing.product_template_cat4","insurance_broker_car_pricing.product_attribute_seats_value_18,insurance_broker_car_pricing.product_attribute_fp_value_fp1"
"product_product_cat4_98","insurance_broker_car_pricing.product_template_cat4","insurance_broker_car_pricing.product_attribute_seats_value_19,insurance_broker_car_pricing.product_attribute_fp_value_fp1"
"product_product_cat4_99","insurance_broker_car_pricing.product_template_cat4","insurance_broker_car_pricing.product_attribute_fp_value_fp1,insurance_broker_car_pricing.product_attribute_seats_value_20"
"product_product_cat4_100","insurance_broker_car_pricing.product_template_cat4","insurance_broker_car_pricing.product_attribute_fp_value_fp1,insurance_broker_car_pricing.product_attribute_seats_value_21"
"product_product_cat4_101","insurance_broker_car_pricing.product_template_cat4","insurance_broker_car_pricing.product_attribute_fp_value_fp1,insurance_broker_car_pricing.product_attribute_seats_value_22"
"product_product_cat4_102","insurance_broker_car_pricing.product_template_cat4","insurance_broker_car_pricing.product_attribute_fp_value_fp1,insurance_broker_car_pricing.product_attribute_seats_value_23"
"product_product_cat4_103","insurance_broker_car_pricing.product_template_cat4","insurance_broker_car_pricing.product_attribute_seats_value_24,insurance_broker_car_pricing.product_attribute_fp_value_fp1"
"product_product_cat4_104","insurance_broker_car_pricing.product_template_cat4","insurance_broker_car_pricing.product_attribute_fp_value_fp1,insurance_broker_car_pricing.product_attribute_seats_value_25"
"product_product_cat4_105","insurance_broker_car_pricing.product_template_cat4","insurance_broker_car_pricing.product_attribute_seats_value_26,insurance_broker_car_pricing.product_attribute_fp_value_fp1"
"product_product_cat4_106","insurance_broker_car_pricing.product_template_cat4","insurance_broker_car_pricing.product_attribute_fp_value_fp1,insurance_broker_car_pricing.product_attribute_seats_value_27"
"product_product_cat4_107","insurance_broker_car_pricing.product_template_cat4","insurance_broker_car_pricing.product_attribute_seats_value_28,insurance_broker_car_pricing.product_attribute_fp_value_fp1"
"product_product_cat4_108","insurance_broker_car_pricing.product_template_cat4","insurance_broker_car_pricing.product_attribute_fp_value_fp1,insurance_broker_car_pricing.product_attribute_seats_value_29"
"product_product_cat4_109","insurance_broker_car_pricing.product_template_cat4","insurance_broker_car_pricing.product_attribute_seats_value_30,insurance_broker_car_pricing.product_attribute_fp_value_fp1"
"product_product_cat4_110","insurance_broker_car_pricing.product_template_cat4","insurance_broker_car_pricing.product_attribute_seats_value_31,insurance_broker_car_pricing.product_attribute_fp_value_fp1"
"product_product_cat4_111","insurance_broker_car_pricing.product_template_cat4","insurance_broker_car_pricing.product_attribute_fp_value_fp1,insurance_broker_car_pricing.product_attribute_seats_value_32"
"product_product_cat4_112","insurance_broker_car_pricing.product_template_cat4","insurance_broker_car_pricing.product_attribute_seats_value_33,insurance_broker_car_pricing.product_attribute_fp_value_fp1"
"product_product_cat4_113","insurance_broker_car_pricing.product_template_cat4","insurance_broker_car_pricing.product_attribute_seats_value_34,insurance_broker_car_pricing.product_attribute_fp_value_fp1"
"product_product_cat4_114","insurance_broker_car_pricing.product_template_cat4","insurance_broker_car_pricing.product_attribute_seats_value_35,insurance_broker_car_pricing.product_attribute_fp_value_fp1"
"product_product_cat4_115","insurance_broker_car_pricing.product_template_cat4","insurance_broker_car_pricing.product_attribute_fp_value_fp1,insurance_broker_car_pricing.product_attribute_seats_value_36"
"product_product_cat4_116","insurance_broker_car_pricing.product_template_cat4","insurance_broker_car_pricing.product_attribute_fp_value_fp1,insurance_broker_car_pricing.product_attribute_seats_value_37"
"product_product_cat4_117","insurance_broker_car_pricing.product_template_cat4","insurance_broker_car_pricing.product_attribute_fp_value_fp1,insurance_broker_car_pricing.product_attribute_seats_value_38"
"product_product_cat4_118","insurance_broker_car_pricing.product_template_cat4","insurance_broker_car_pricing.product_attribute_seats_value_39,insurance_broker_car_pricing.product_attribute_fp_value_fp1"
"product_product_cat4_119","insurance_broker_car_pricing.product_template_cat4","insurance_broker_car_pricing.product_attribute_seats_value_40,insurance_broker_car_pricing.product_attribute_fp_value_fp1"
"product_product_cat4_120","insurance_broker_car_pricing.product_template_cat4","insurance_broker_car_pricing.product_attribute_fp_value_fp1,insurance_broker_car_pricing.product_attribute_seats_value_41"
"product_product_cat4_121","insurance_broker_car_pricing.product_template_cat4","insurance_broker_car_pricing.product_attribute_seats_value_42,insurance_broker_car_pricing.product_attribute_fp_value_fp1"
"product_product_cat4_122","insurance_broker_car_pricing.product_template_cat4","insurance_broker_car_pricing.product_attribute_fp_value_fp1,insurance_broker_car_pricing.product_attribute_seats_value_43"
"product_product_cat4_123","insurance_broker_car_pricing.product_template_cat4","insurance_broker_car_pricing.product_attribute_fp_value_fp1,insurance_broker_car_pricing.product_attribute_seats_value_44"
"product_product_cat4_124","insurance_broker_car_pricing.product_template_cat4","insurance_broker_car_pricing.product_attribute_fp_value_fp1,insurance_broker_car_pricing.product_attribute_seats_value_45"
"product_product_cat4_125","insurance_broker_car_pricing.product_template_cat4","insurance_broker_car_pricing.product_attribute_seats_value_3,insurance_broker_car_pricing.product_attribute_fp_value_fp2"
"product_product_cat4_126","insurance_broker_car_pricing.product_template_cat4","insurance_broker_car_pricing.product_attribute_fp_value_fp2,insurance_broker_car_pricing.product_attribute_seats_value_4"
"product_product_cat4_127","insurance_broker_car_pricing.product_template_cat4","insurance_broker_car_pricing.product_attribute_seats_value_5,insurance_broker_car_pricing.product_attribute_fp_value_fp2"
"product_product_cat4_128","insurance_broker_car_pricing.product_template_cat4","insurance_broker_car_pricing.product_attribute_fp_value_fp2,insurance_broker_car_pricing.product_attribute_seats_value_6"
"product_product_cat4_129","insurance_broker_car_pricing.product_template_cat4","insurance_broker_car_pricing.product_attribute_seats_value_7,insurance_broker_car_pricing.product_attribute_fp_value_fp2"
"product_product_cat4_130","insurance_broker_car_pricing.product_template_cat4","insurance_broker_car_pricing.product_attribute_fp_value_fp2,insurance_broker_car_pricing.product_attribute_seats_value_8"
"product_product_cat4_131","insurance_broker_car_pricing.product_template_cat4","insurance_broker_car_pricing.product_attribute_seats_value_9,insurance_broker_car_pricing.product_attribute_fp_value_fp2"
"product_product_cat4_132","insurance_broker_car_pricing.product_template_cat4","insurance_broker_car_pricing.product_attribute_seats_value_10,insurance_broker_car_pricing.product_attribute_fp_value_fp2"
"product_product_cat4_133","insurance_broker_car_pricing.product_template_cat4","insurance_broker_car_pricing.product_attribute_fp_value_fp2,insurance_broker_car_pricing.product_attribute_seats_value_11"
"product_product_cat4_134","insurance_broker_car_pricing.product_template_cat4","insurance_broker_car_pricing.product_attribute_fp_value_fp2,insurance_broker_car_pricing.product_attribute_seats_value_12"
"product_product_cat4_135","insurance_broker_car_pricing.product_template_cat4","insurance_broker_car_pricing.product_attribute_seats_value_13,insurance_broker_car_pricing.product_attribute_fp_value_fp2"
"product_product_cat4_136","insurance_broker_car_pricing.product_template_cat4","insurance_broker_car_pricing.product_attribute_seats_value_14,insurance_broker_car_pricing.product_attribute_fp_value_fp2"
"product_product_cat4_137","insurance_broker_car_pricing.product_template_cat4","insurance_broker_car_pricing.product_attribute_fp_value_fp2,insurance_broker_car_pricing.product_attribute_seats_value_15"
"product_product_cat4_138","insurance_broker_car_pricing.product_template_cat4","insurance_broker_car_pricing.product_attribute_seats_value_16,insurance_broker_car_pricing.product_attribute_fp_value_fp2"
"product_product_cat4_139","insurance_broker_car_pricing.product_template_cat4","insurance_broker_car_pricing.product_attribute_fp_value_fp2,insurance_broker_car_pricing.product_attribute_seats_value_17"
"product_product_cat4_140","insurance_broker_car_pricing.product_template_cat4","insurance_broker_car_pricing.product_attribute_fp_value_fp2,insurance_broker_car_pricing.product_attribute_seats_value_18"
"product_product_cat4_141","insurance_broker_car_pricing.product_template_cat4","insurance_broker_car_pricing.product_attribute_seats_value_19,insurance_broker_car_pricing.product_attribute_fp_value_fp2"
"product_product_cat4_142","insurance_broker_car_pricing.product_template_cat4","insurance_broker_car_pricing.product_attribute_fp_value_fp2,insurance_broker_car_pricing.product_attribute_seats_value_20"
"product_product_cat4_143","insurance_broker_car_pricing.product_template_cat4","insurance_broker_car_pricing.product_attribute_fp_value_fp2,insurance_broker_car_pricing.product_attribute_seats_value_21"
"product_product_cat4_144","insurance_broker_car_pricing.product_template_cat4","insurance_broker_car_pricing.product_attribute_fp_value_fp2,insurance_broker_car_pricing.product_attribute_seats_value_22"
"product_product_cat4_145","insurance_broker_car_pricing.product_template_cat4","insurance_broker_car_pricing.product_attribute_seats_value_23,insurance_broker_car_pricing.product_attribute_fp_value_fp2"
"product_product_cat4_146","insurance_broker_car_pricing.product_template_cat4","insurance_broker_car_pricing.product_attribute_seats_value_24,insurance_broker_car_pricing.product_attribute_fp_value_fp2"
"product_product_cat4_147","insurance_broker_car_pricing.product_template_cat4","insurance_broker_car_pricing.product_attribute_fp_value_fp2,insurance_broker_car_pricing.product_attribute_seats_value_25"
"product_product_cat4_148","insurance_broker_car_pricing.product_template_cat4","insurance_broker_car_pricing.product_attribute_seats_value_26,insurance_broker_car_pricing.product_attribute_fp_value_fp2"
"product_product_cat4_149","insurance_broker_car_pricing.product_template_cat4","insurance_broker_car_pricing.product_attribute_fp_value_fp2,insurance_broker_car_pricing.product_attribute_seats_value_27"
"product_product_cat4_150","insurance_broker_car_pricing.product_template_cat4","insurance_broker_car_pricing.product_attribute_fp_value_fp2,insurance_broker_car_pricing.product_attribute_seats_value_28"
"product_product_cat4_151","insurance_broker_car_pricing.product_template_cat4","insurance_broker_car_pricing.product_attribute_seats_value_29,insurance_broker_car_pricing.product_attribute_fp_value_fp2"
"product_product_cat4_152","insurance_broker_car_pricing.product_template_cat4","insurance_broker_car_pricing.product_attribute_seats_value_30,insurance_broker_car_pricing.product_attribute_fp_value_fp2"
"product_product_cat4_153","insurance_broker_car_pricing.product_template_cat4","insurance_broker_car_pricing.product_attribute_fp_value_fp2,insurance_broker_car_pricing.product_attribute_seats_value_31"
"product_product_cat4_154","insurance_broker_car_pricing.product_template_cat4","insurance_broker_car_pricing.product_attribute_seats_value_32,insurance_broker_car_pricing.product_attribute_fp_value_fp2"
"product_product_cat4_155","insurance_broker_car_pricing.product_template_cat4","insurance_broker_car_pricing.product_attribute_seats_value_33,insurance_broker_car_pricing.product_attribute_fp_value_fp2"
"product_product_cat4_156","insurance_broker_car_pricing.product_template_cat4","insurance_broker_car_pricing.product_attribute_seats_value_34,insurance_broker_car_pricing.product_attribute_fp_value_fp2"
"product_product_cat4_157","insurance_broker_car_pricing.product_template_cat4","insurance_broker_car_pricing.product_attribute_seats_value_35,insurance_broker_car_pricing.product_attribute_fp_value_fp2"
"product_product_cat4_158","insurance_broker_car_pricing.product_template_cat4","insurance_broker_car_pricing.product_attribute_seats_value_36,insurance_broker_car_pricing.product_attribute_fp_value_fp2"
"product_product_cat4_159","insurance_broker_car_pricing.product_template_cat4","insurance_broker_car_pricing.product_attribute_seats_value_37,insurance_broker_car_pricing.product_attribute_fp_value_fp2"
"product_product_cat4_160","insurance_broker_car_pricing.product_template_cat4","insurance_broker_car_pricing.product_attribute_seats_value_38,insurance_broker_car_pricing.product_attribute_fp_value_fp2"
"product_product_cat4_161","insurance_broker_car_pricing.product_template_cat4","insurance_broker_car_pricing.product_attribute_fp_value_fp2,insurance_broker_car_pricing.product_attribute_seats_value_39"
"product_product_cat4_162","insurance_broker_car_pricing.product_template_cat4","insurance_broker_car_pricing.product_attribute_seats_value_40,insurance_broker_car_pricing.product_attribute_fp_value_fp2"
"product_product_cat4_163","insurance_broker_car_pricing.product_template_cat4","insurance_broker_car_pricing.product_attribute_seats_value_41,insurance_broker_car_pricing.product_attribute_fp_value_fp2"
"product_product_cat4_164","insurance_broker_car_pricing.product_template_cat4","insurance_broker_car_pricing.product_attribute_seats_value_42,insurance_broker_car_pricing.product_attribute_fp_value_fp2"
"product_product_cat4_165","insurance_broker_car_pricing.product_template_cat4","insurance_broker_car_pricing.product_attribute_fp_value_fp2,insurance_broker_car_pricing.product_attribute_seats_value_43"
"product_product_cat4_166","insurance_broker_car_pricing.product_template_cat4","insurance_broker_car_pricing.product_attribute_fp_value_fp2,insurance_broker_car_pricing.product_attribute_seats_value_44"
"product_product_cat4_167","insurance_broker_car_pricing.product_template_cat4","insurance_broker_car_pricing.product_attribute_fp_value_fp2,insurance_broker_car_pricing.product_attribute_seats_value_45"
"product_product_cat4_168","insurance_broker_car_pricing.product_template_cat4","insurance_broker_car_pricing.product_attribute_fp_value_fp3,insurance_broker_car_pricing.product_attribute_seats_value_3"
"product_product_cat4_169","insurance_broker_car_pricing.product_template_cat4","insurance_broker_car_pricing.product_attribute_seats_value_4,insurance_broker_car_pricing.product_attribute_fp_value_fp3"
"product_product_cat4_170","insurance_broker_car_pricing.product_template_cat4","insurance_broker_car_pricing.product_attribute_fp_value_fp3,insurance_broker_car_pricing.product_attribute_seats_value_5"
"product_product_cat4_171","insurance_broker_car_pricing.product_template_cat4","insurance_broker_car_pricing.product_attribute_seats_value_6,insurance_broker_car_pricing.product_attribute_fp_value_fp3"
"product_product_cat4_172","insurance_broker_car_pricing.product_template_cat4","insurance_broker_car_pricing.product_attribute_seats_value_7,insurance_broker_car_pricing.product_attribute_fp_value_fp3"
"product_product_cat4_173","insurance_broker_car_pricing.product_template_cat4","insurance_broker_car_pricing.product_attribute_fp_value_fp3,insurance_broker_car_pricing.product_attribute_seats_value_8"
"product_product_cat4_174","insurance_broker_car_pricing.product_template_cat4","insurance_broker_car_pricing.product_attribute_fp_value_fp3,insurance_broker_car_pricing.product_attribute_seats_value_9"
"product_product_cat4_175","insurance_broker_car_pricing.product_template_cat4","insurance_broker_car_pricing.product_attribute_fp_value_fp3,insurance_broker_car_pricing.product_attribute_seats_value_10"
"product_product_cat4_176","insurance_broker_car_pricing.product_template_cat4","insurance_broker_car_pricing.product_attribute_seats_value_11,insurance_broker_car_pricing.product_attribute_fp_value_fp3"
"product_product_cat4_177","insurance_broker_car_pricing.product_template_cat4","insurance_broker_car_pricing.product_attribute_fp_value_fp3,insurance_broker_car_pricing.product_attribute_seats_value_12"
"product_product_cat4_178","insurance_broker_car_pricing.product_template_cat4","insurance_broker_car_pricing.product_attribute_fp_value_fp3,insurance_broker_car_pricing.product_attribute_seats_value_13"
"product_product_cat4_179","insurance_broker_car_pricing.product_template_cat4","insurance_broker_car_pricing.product_attribute_fp_value_fp3,insurance_broker_car_pricing.product_attribute_seats_value_14"
"product_product_cat4_180","insurance_broker_car_pricing.product_template_cat4","insurance_broker_car_pricing.product_attribute_seats_value_15,insurance_broker_car_pricing.product_attribute_fp_value_fp3"
"product_product_cat4_181","insurance_broker_car_pricing.product_template_cat4","insurance_broker_car_pricing.product_attribute_fp_value_fp3,insurance_broker_car_pricing.product_attribute_seats_value_16"
"product_product_cat4_182","insurance_broker_car_pricing.product_template_cat4","insurance_broker_car_pricing.product_attribute_seats_value_17,insurance_broker_car_pricing.product_attribute_fp_value_fp3"
"product_product_cat4_183","insurance_broker_car_pricing.product_template_cat4","insurance_broker_car_pricing.product_attribute_seats_value_18,insurance_broker_car_pricing.product_attribute_fp_value_fp3"
"product_product_cat4_184","insurance_broker_car_pricing.product_template_cat4","insurance_broker_car_pricing.product_attribute_seats_value_19,insurance_broker_car_pricing.product_attribute_fp_value_fp3"
"product_product_cat4_185","insurance_broker_car_pricing.product_template_cat4","insurance_broker_car_pricing.product_attribute_seats_value_20,insurance_broker_car_pricing.product_attribute_fp_value_fp3"
"product_product_cat4_186","insurance_broker_car_pricing.product_template_cat4","insurance_broker_car_pricing.product_attribute_seats_value_21,insurance_broker_car_pricing.product_attribute_fp_value_fp3"
"product_product_cat4_187","insurance_broker_car_pricing.product_template_cat4","insurance_broker_car_pricing.product_attribute_seats_value_22,insurance_broker_car_pricing.product_attribute_fp_value_fp3"
"product_product_cat4_188","insurance_broker_car_pricing.product_template_cat4","insurance_broker_car_pricing.product_attribute_seats_value_23,insurance_broker_car_pricing.product_attribute_fp_value_fp3"
"product_product_cat4_189","insurance_broker_car_pricing.product_template_cat4","insurance_broker_car_pricing.product_attribute_fp_value_fp3,insurance_broker_car_pricing.product_attribute_seats_value_24"
"product_product_cat4_190","insurance_broker_car_pricing.product_template_cat4","insurance_broker_car_pricing.product_attribute_seats_value_25,insurance_broker_car_pricing.product_attribute_fp_value_fp3"
"product_product_cat4_191","insurance_broker_car_pricing.product_template_cat4","insurance_broker_car_pricing.product_attribute_fp_value_fp3,insurance_broker_car_pricing.product_attribute_seats_value_26"
"product_product_cat4_192","insurance_broker_car_pricing.product_template_cat4","insurance_broker_car_pricing.product_attribute_seats_value_27,insurance_broker_car_pricing.product_attribute_fp_value_fp3"
"product_product_cat4_193","insurance_broker_car_pricing.product_template_cat4","insurance_broker_car_pricing.product_attribute_fp_value_fp3,insurance_broker_car_pricing.product_attribute_seats_value_28"
"product_product_cat4_194","insurance_broker_car_pricing.product_template_cat4","insurance_broker_car_pricing.product_attribute_seats_value_29,insurance_broker_car_pricing.product_attribute_fp_value_fp3"
"product_product_cat4_195","insurance_broker_car_pricing.product_template_cat4","insurance_broker_car_pricing.product_attribute_fp_value_fp3,insurance_broker_car_pricing.product_attribute_seats_value_30"
"product_product_cat4_196","insurance_broker_car_pricing.product_template_cat4","insurance_broker_car_pricing.product_attribute_seats_value_31,insurance_broker_car_pricing.product_attribute_fp_value_fp3"
"product_product_cat4_197","insurance_broker_car_pricing.product_template_cat4","insurance_broker_car_pricing.product_attribute_fp_value_fp3,insurance_broker_car_pricing.product_attribute_seats_value_32"
"product_product_cat4_198","insurance_broker_car_pricing.product_template_cat4","insurance_broker_car_pricing.product_attribute_fp_value_fp3,insurance_broker_car_pricing.product_attribute_seats_value_33"
"product_product_cat4_199","insurance_broker_car_pricing.product_template_cat4","insurance_broker_car_pricing.product_attribute_fp_value_fp3,insurance_broker_car_pricing.product_attribute_seats_value_34"
"product_product_cat4_200","insurance_broker_car_pricing.product_template_cat4","insurance_broker_car_pricing.product_attribute_seats_value_35,insurance_broker_car_pricing.product_attribute_fp_value_fp3"
"product_product_cat4_201","insurance_broker_car_pricing.product_template_cat4","insurance_broker_car_pricing.product_attribute_fp_value_fp3,insurance_broker_car_pricing.product_attribute_seats_value_36"
"product_product_cat4_202","insurance_broker_car_pricing.product_template_cat4","insurance_broker_car_pricing.product_attribute_seats_value_37,insurance_broker_car_pricing.product_attribute_fp_value_fp3"
"product_product_cat4_203","insurance_broker_car_pricing.product_template_cat4","insurance_broker_car_pricing.product_attribute_seats_value_38,insurance_broker_car_pricing.product_attribute_fp_value_fp3"
"product_product_cat4_204","insurance_broker_car_pricing.product_template_cat4","insurance_broker_car_pricing.product_attribute_fp_value_fp3,insurance_broker_car_pricing.product_attribute_seats_value_39"
"product_product_cat4_205","insurance_broker_car_pricing.product_template_cat4","insurance_broker_car_pricing.product_attribute_fp_value_fp3,insurance_broker_car_pricing.product_attribute_seats_value_40"
"product_product_cat4_206","insurance_broker_car_pricing.product_template_cat4","insurance_broker_car_pricing.product_attribute_seats_value_41,insurance_broker_car_pricing.product_attribute_fp_value_fp3"
"product_product_cat4_207","insurance_broker_car_pricing.product_template_cat4","insurance_broker_car_pricing.product_attribute_seats_value_42,insurance_broker_car_pricing.product_attribute_fp_value_fp3"
"product_product_cat4_208","insurance_broker_car_pricing.product_template_cat4","insurance_broker_car_pricing.product_attribute_seats_value_43,insurance_broker_car_pricing.product_attribute_fp_value_fp3"
"product_product_cat4_209","insurance_broker_car_pricing.product_template_cat4","insurance_broker_car_pricing.product_attribute_fp_value_fp3,insurance_broker_car_pricing.product_attribute_seats_value_44"
"product_product_cat4_210","insurance_broker_car_pricing.product_template_cat4","insurance_broker_car_pricing.product_attribute_seats_value_45,insurance_broker_car_pricing.product_attribute_fp_value_fp3"
"product_product_cat4_211","insurance_broker_car_pricing.product_template_cat4","insurance_broker_car_pricing.product_attribute_fp_value_fp4,insurance_broker_car_pricing.product_attribute_seats_value_3"
"product_product_cat4_212","insurance_broker_car_pricing.product_template_cat4","insurance_broker_car_pricing.product_attribute_seats_value_4,insurance_broker_car_pricing.product_attribute_fp_value_fp4"
"product_product_cat4_213","insurance_broker_car_pricing.product_template_cat4","insurance_broker_car_pricing.product_attribute_fp_value_fp4,insurance_broker_car_pricing.product_attribute_seats_value_5"
"product_product_cat4_214","insurance_broker_car_pricing.product_template_cat4","insurance_broker_car_pricing.product_attribute_fp_value_fp4,insurance_broker_car_pricing.product_attribute_seats_value_6"
"product_product_cat4_215","insurance_broker_car_pricing.product_template_cat4","insurance_broker_car_pricing.product_attribute_seats_value_7,insurance_broker_car_pricing.product_attribute_fp_value_fp4"
"product_product_cat4_216","insurance_broker_car_pricing.product_template_cat4","insurance_broker_car_pricing.product_attribute_seats_value_8,insurance_broker_car_pricing.product_attribute_fp_value_fp4"
"product_product_cat4_217","insurance_broker_car_pricing.product_template_cat4","insurance_broker_car_pricing.product_attribute_fp_value_fp4,insurance_broker_car_pricing.product_attribute_seats_value_9"
"product_product_cat4_218","insurance_broker_car_pricing.product_template_cat4","insurance_broker_car_pricing.product_attribute_seats_value_10,insurance_broker_car_pricing.product_attribute_fp_value_fp4"
"product_product_cat4_219","insurance_broker_car_pricing.product_template_cat4","insurance_broker_car_pricing.product_attribute_fp_value_fp4,insurance_broker_car_pricing.product_attribute_seats_value_11"
"product_product_cat4_220","insurance_broker_car_pricing.product_template_cat4","insurance_broker_car_pricing.product_attribute_seats_value_12,insurance_broker_car_pricing.product_attribute_fp_value_fp4"
"product_product_cat4_221","insurance_broker_car_pricing.product_template_cat4","insurance_broker_car_pricing.product_attribute_seats_value_13,insurance_broker_car_pricing.product_attribute_fp_value_fp4"
"product_product_cat4_222","insurance_broker_car_pricing.product_template_cat4","insurance_broker_car_pricing.product_attribute_fp_value_fp4,insurance_broker_car_pricing.product_attribute_seats_value_14"
"product_product_cat4_223","insurance_broker_car_pricing.product_template_cat4","insurance_broker_car_pricing.product_attribute_seats_value_15,insurance_broker_car_pricing.product_attribute_fp_value_fp4"
"product_product_cat4_224","insurance_broker_car_pricing.product_template_cat4","insurance_broker_car_pricing.product_attribute_seats_value_16,insurance_broker_car_pricing.product_attribute_fp_value_fp4"
"product_product_cat4_225","insurance_broker_car_pricing.product_template_cat4","insurance_broker_car_pricing.product_attribute_fp_value_fp4,insurance_broker_car_pricing.product_attribute_seats_value_17"
"product_product_cat4_226","insurance_broker_car_pricing.product_template_cat4","insurance_broker_car_pricing.product_attribute_fp_value_fp4,insurance_broker_car_pricing.product_attribute_seats_value_18"
"product_product_cat4_227","insurance_broker_car_pricing.product_template_cat4","insurance_broker_car_pricing.product_attribute_fp_value_fp4,insurance_broker_car_pricing.product_attribute_seats_value_19"
"product_product_cat4_228","insurance_broker_car_pricing.product_template_cat4","insurance_broker_car_pricing.product_attribute_fp_value_fp4,insurance_broker_car_pricing.product_attribute_seats_value_20"
"product_product_cat4_229","insurance_broker_car_pricing.product_template_cat4","insurance_broker_car_pricing.product_attribute_seats_value_21,insurance_broker_car_pricing.product_attribute_fp_value_fp4"
"product_product_cat4_230","insurance_broker_car_pricing.product_template_cat4","insurance_broker_car_pricing.product_attribute_seats_value_22,insurance_broker_car_pricing.product_attribute_fp_value_fp4"
"product_product_cat4_231","insurance_broker_car_pricing.product_template_cat4","insurance_broker_car_pricing.product_attribute_fp_value_fp4,insurance_broker_car_pricing.product_attribute_seats_value_23"
"product_product_cat4_232","insurance_broker_car_pricing.product_template_cat4","insurance_broker_car_pricing.product_attribute_seats_value_24,insurance_broker_car_pricing.product_attribute_fp_value_fp4"
"product_product_cat4_233","insurance_broker_car_pricing.product_template_cat4","insurance_broker_car_pricing.product_attribute_fp_value_fp4,insurance_broker_car_pricing.product_attribute_seats_value_25"
"product_product_cat4_234","insurance_broker_car_pricing.product_template_cat4","insurance_broker_car_pricing.product_attribute_seats_value_26,insurance_broker_car_pricing.product_attribute_fp_value_fp4"
"product_product_cat4_235","insurance_broker_car_pricing.product_template_cat4","insurance_broker_car_pricing.product_attribute_seats_value_27,insurance_broker_car_pricing.product_attribute_fp_value_fp4"
"product_product_cat4_236","insurance_broker_car_pricing.product_template_cat4","insurance_broker_car_pricing.product_attribute_fp_value_fp4,insurance_broker_car_pricing.product_attribute_seats_value_28"
"product_product_cat4_237","insurance_broker_car_pricing.product_template_cat4","insurance_broker_car_pricing.product_attribute_seats_value_29,insurance_broker_car_pricing.product_attribute_fp_value_fp4"
"product_product_cat4_238","insurance_broker_car_pricing.product_template_cat4","insurance_broker_car_pricing.product_attribute_fp_value_fp4,insurance_broker_car_pricing.product_attribute_seats_value_30"
"product_product_cat4_239","insurance_broker_car_pricing.product_template_cat4","insurance_broker_car_pricing.product_attribute_seats_value_31,insurance_broker_car_pricing.product_attribute_fp_value_fp4"
"product_product_cat4_240","insurance_broker_car_pricing.product_template_cat4","insurance_broker_car_pricing.product_attribute_seats_value_32,insurance_broker_car_pricing.product_attribute_fp_value_fp4"
"product_product_cat4_241","insurance_broker_car_pricing.product_template_cat4","insurance_broker_car_pricing.product_attribute_seats_value_33,insurance_broker_car_pricing.product_attribute_fp_value_fp4"
"product_product_cat4_242","insurance_broker_car_pricing.product_template_cat4","insurance_broker_car_pricing.product_attribute_fp_value_fp4,insurance_broker_car_pricing.product_attribute_seats_value_34"
"product_product_cat4_243","insurance_broker_car_pricing.product_template_cat4","insurance_broker_car_pricing.product_attribute_fp_value_fp4,insurance_broker_car_pricing.product_attribute_seats_value_35"
"product_product_cat4_244","insurance_broker_car_pricing.product_template_cat4","insurance_broker_car_pricing.product_attribute_fp_value_fp4,insurance_broker_car_pricing.product_attribute_seats_value_36"
"product_product_cat4_245","insurance_broker_car_pricing.product_template_cat4","insurance_broker_car_pricing.product_attribute_fp_value_fp4,insurance_broker_car_pricing.product_attribute_seats_value_37"
"product_product_cat4_246","insurance_broker_car_pricing.product_template_cat4","insurance_broker_car_pricing.product_attribute_fp_value_fp4,insurance_broker_car_pricing.product_attribute_seats_value_38"
"product_product_cat4_247","insurance_broker_car_pricing.product_template_cat4","insurance_broker_car_pricing.product_attribute_seats_value_39,insurance_broker_car_pricing.product_attribute_fp_value_fp4"
"product_product_cat4_248","insurance_broker_car_pricing.product_template_cat4","insurance_broker_car_pricing.product_attribute_fp_value_fp4,insurance_broker_car_pricing.product_attribute_seats_value_40"
"product_product_cat4_249","insurance_broker_car_pricing.product_template_cat4","insurance_broker_car_pricing.product_attribute_fp_value_fp4,insurance_broker_car_pricing.product_attribute_seats_value_41"
"product_product_cat4_250","insurance_broker_car_pricing.product_template_cat4","insurance_broker_car_pricing.product_attribute_fp_value_fp4,insurance_broker_car_pricing.product_attribute_seats_value_42"
"product_product_cat4_251","insurance_broker_car_pricing.product_template_cat4","insurance_broker_car_pricing.product_attribute_seats_value_43,insurance_broker_car_pricing.product_attribute_fp_value_fp4"
"product_product_cat4_252","insurance_broker_car_pricing.product_template_cat4","insurance_broker_car_pricing.product_attribute_fp_value_fp4,insurance_broker_car_pricing.product_attribute_seats_value_44"
"product_product_cat4_253","insurance_broker_car_pricing.product_template_cat4","insurance_broker_car_pricing.product_attribute_fp_value_fp4,insurance_broker_car_pricing.product_attribute_seats_value_45"
"product_product_cat4_254","insurance_broker_car_pricing.product_template_cat4","insurance_broker_car_pricing.product_attribute_fp_value_fp5,insurance_broker_car_pricing.product_attribute_seats_value_3"
"product_product_cat4_255","insurance_broker_car_pricing.product_template_cat4","insurance_broker_car_pricing.product_attribute_seats_value_4,insurance_broker_car_pricing.product_attribute_fp_value_fp5"
"product_product_cat4_256","insurance_broker_car_pricing.product_template_cat4","insurance_broker_car_pricing.product_attribute_seats_value_5,insurance_broker_car_pricing.product_attribute_fp_value_fp5"
"product_product_cat4_257","insurance_broker_car_pricing.product_template_cat4","insurance_broker_car_pricing.product_attribute_seats_value_6,insurance_broker_car_pricing.product_attribute_fp_value_fp5"
"product_product_cat4_258","insurance_broker_car_pricing.product_template_cat4","insurance_broker_car_pricing.product_attribute_fp_value_fp5,insurance_broker_car_pricing.product_attribute_seats_value_7"
"product_product_cat4_259","insurance_broker_car_pricing.product_template_cat4","insurance_broker_car_pricing.product_attribute_fp_value_fp5,insurance_broker_car_pricing.product_attribute_seats_value_8"
"product_product_cat4_260","insurance_broker_car_pricing.product_template_cat4","insurance_broker_car_pricing.product_attribute_seats_value_9,insurance_broker_car_pricing.product_attribute_fp_value_fp5"
"product_product_cat4_261","insurance_broker_car_pricing.product_template_cat4","insurance_broker_car_pricing.product_attribute_seats_value_10,insurance_broker_car_pricing.product_attribute_fp_value_fp5"
"product_product_cat4_262","insurance_broker_car_pricing.product_template_cat4","insurance_broker_car_pricing.product_attribute_fp_value_fp5,insurance_broker_car_pricing.product_attribute_seats_value_11"
"product_product_cat4_263","insurance_broker_car_pricing.product_template_cat4","insurance_broker_car_pricing.product_attribute_seats_value_12,insurance_broker_car_pricing.product_attribute_fp_value_fp5"
"product_product_cat4_264","insurance_broker_car_pricing.product_template_cat4","insurance_broker_car_pricing.product_attribute_fp_value_fp5,insurance_broker_car_pricing.product_attribute_seats_value_13"
"product_product_cat4_265","insurance_broker_car_pricing.product_template_cat4","insurance_broker_car_pricing.product_attribute_fp_value_fp5,insurance_broker_car_pricing.product_attribute_seats_value_14"
"product_product_cat4_266","insurance_broker_car_pricing.product_template_cat4","insurance_broker_car_pricing.product_attribute_seats_value_15,insurance_broker_car_pricing.product_attribute_fp_value_fp5"
"product_product_cat4_267","insurance_broker_car_pricing.product_template_cat4","insurance_broker_car_pricing.product_attribute_fp_value_fp5,insurance_broker_car_pricing.product_attribute_seats_value_16"
"product_product_cat4_268","insurance_broker_car_pricing.product_template_cat4","insurance_broker_car_pricing.product_attribute_fp_value_fp5,insurance_broker_car_pricing.product_attribute_seats_value_17"
"product_product_cat4_269","insurance_broker_car_pricing.product_template_cat4","insurance_broker_car_pricing.product_attribute_seats_value_18,insurance_broker_car_pricing.product_attribute_fp_value_fp5"
"product_product_cat4_270","insurance_broker_car_pricing.product_template_cat4","insurance_broker_car_pricing.product_attribute_seats_value_19,insurance_broker_car_pricing.product_attribute_fp_value_fp5"
"product_product_cat4_271","insurance_broker_car_pricing.product_template_cat4","insurance_broker_car_pricing.product_attribute_seats_value_20,insurance_broker_car_pricing.product_attribute_fp_value_fp5"
"product_product_cat4_272","insurance_broker_car_pricing.product_template_cat4","insurance_broker_car_pricing.product_attribute_seats_value_21,insurance_broker_car_pricing.product_attribute_fp_value_fp5"
"product_product_cat4_273","insurance_broker_car_pricing.product_template_cat4","insurance_broker_car_pricing.product_attribute_fp_value_fp5,insurance_broker_car_pricing.product_attribute_seats_value_22"
"product_product_cat4_274","insurance_broker_car_pricing.product_template_cat4","insurance_broker_car_pricing.product_attribute_fp_value_fp5,insurance_broker_car_pricing.product_attribute_seats_value_23"
"product_product_cat4_275","insurance_broker_car_pricing.product_template_cat4","insurance_broker_car_pricing.product_attribute_fp_value_fp5,insurance_broker_car_pricing.product_attribute_seats_value_24"
"product_product_cat4_276","insurance_broker_car_pricing.product_template_cat4","insurance_broker_car_pricing.product_attribute_seats_value_25,insurance_broker_car_pricing.product_attribute_fp_value_fp5"
"product_product_cat4_277","insurance_broker_car_pricing.product_template_cat4","insurance_broker_car_pricing.product_attribute_seats_value_26,insurance_broker_car_pricing.product_attribute_fp_value_fp5"
"product_product_cat4_278","insurance_broker_car_pricing.product_template_cat4","insurance_broker_car_pricing.product_attribute_seats_value_27,insurance_broker_car_pricing.product_attribute_fp_value_fp5"
"product_product_cat4_279","insurance_broker_car_pricing.product_template_cat4","insurance_broker_car_pricing.product_attribute_fp_value_fp5,insurance_broker_car_pricing.product_attribute_seats_value_28"
"product_product_cat4_280","insurance_broker_car_pricing.product_template_cat4","insurance_broker_car_pricing.product_attribute_fp_value_fp5,insurance_broker_car_pricing.product_attribute_seats_value_29"
"product_product_cat4_281","insurance_broker_car_pricing.product_template_cat4","insurance_broker_car_pricing.product_attribute_fp_value_fp5,insurance_broker_car_pricing.product_attribute_seats_value_30"
"product_product_cat4_282","insurance_broker_car_pricing.product_template_cat4","insurance_broker_car_pricing.product_attribute_fp_value_fp5,insurance_broker_car_pricing.product_attribute_seats_value_31"
"product_product_cat4_283","insurance_broker_car_pricing.product_template_cat4","insurance_broker_car_pricing.product_attribute_fp_value_fp5,insurance_broker_car_pricing.product_attribute_seats_value_32"
"product_product_cat4_284","insurance_broker_car_pricing.product_template_cat4","insurance_broker_car_pricing.product_attribute_fp_value_fp5,insurance_broker_car_pricing.product_attribute_seats_value_33"
"product_product_cat4_285","insurance_broker_car_pricing.product_template_cat4","insurance_broker_car_pricing.product_attribute_seats_value_34,insurance_broker_car_pricing.product_attribute_fp_value_fp5"
"product_product_cat4_286","insurance_broker_car_pricing.product_template_cat4","insurance_broker_car_pricing.product_attribute_seats_value_35,insurance_broker_car_pricing.product_attribute_fp_value_fp5"
"product_product_cat4_287","insurance_broker_car_pricing.product_template_cat4","insurance_broker_car_pricing.product_attribute_fp_value_fp5,insurance_broker_car_pricing.product_attribute_seats_value_36"
"product_product_cat4_288","insurance_broker_car_pricing.product_template_cat4","insurance_broker_car_pricing.product_attribute_fp_value_fp5,insurance_broker_car_pricing.product_attribute_seats_value_37"
"product_product_cat4_289","insurance_broker_car_pricing.product_template_cat4","insurance_broker_car_pricing.product_attribute_fp_value_fp5,insurance_broker_car_pricing.product_attribute_seats_value_38"
"product_product_cat4_290","insurance_broker_car_pricing.product_template_cat4","insurance_broker_car_pricing.product_attribute_fp_value_fp5,insurance_broker_car_pricing.product_attribute_seats_value_39"
"product_product_cat4_291","insurance_broker_car_pricing.product_template_cat4","insurance_broker_car_pricing.product_attribute_seats_value_40,insurance_broker_car_pricing.product_attribute_fp_value_fp5"
"product_product_cat4_292","insurance_broker_car_pricing.product_template_cat4","insurance_broker_car_pricing.product_attribute_fp_value_fp5,insurance_broker_car_pricing.product_attribute_seats_value_41"
"product_product_cat4_293","insurance_broker_car_pricing.product_template_cat4","insurance_broker_car_pricing.product_attribute_fp_value_fp5,insurance_broker_car_pricing.product_attribute_seats_value_42"
"product_product_cat4_294","insurance_broker_car_pricing.product_template_cat4","insurance_broker_car_pricing.product_attribute_seats_value_43,insurance_broker_car_pricing.product_attribute_fp_value_fp5"
"product_product_cat4_295","insurance_broker_car_pricing.product_template_cat4","insurance_broker_car_pricing.product_attribute_fp_value_fp5,insurance_broker_car_pricing.product_attribute_seats_value_44"
"product_product_cat4_296","insurance_broker_car_pricing.product_template_cat4","insurance_broker_car_pricing.product_attribute_fp_value_fp5,insurance_broker_car_pricing.product_attribute_seats_value_45"
"product_product_cat4_297","insurance_broker_car_pricing.product_template_cat4","insurance_broker_car_pricing.product_attribute_fp_value_fp6,insurance_broker_car_pricing.product_attribute_seats_value_3"
"product_product_cat4_298","insurance_broker_car_pricing.product_template_cat4","insurance_broker_car_pricing.product_attribute_fp_value_fp6,insurance_broker_car_pricing.product_attribute_seats_value_4"
"product_product_cat4_299","insurance_broker_car_pricing.product_template_cat4","insurance_broker_car_pricing.product_attribute_seats_value_5,insurance_broker_car_pricing.product_attribute_fp_value_fp6"
"product_product_cat4_300","insurance_broker_car_pricing.product_template_cat4","insurance_broker_car_pricing.product_attribute_fp_value_fp6,insurance_broker_car_pricing.product_attribute_seats_value_6"
"product_product_cat4_301","insurance_broker_car_pricing.product_template_cat4","insurance_broker_car_pricing.product_attribute_seats_value_7,insurance_broker_car_pricing.product_attribute_fp_value_fp6"
"product_product_cat4_302","insurance_broker_car_pricing.product_template_cat4","insurance_broker_car_pricing.product_attribute_fp_value_fp6,insurance_broker_car_pricing.product_attribute_seats_value_8"
"product_product_cat4_303","insurance_broker_car_pricing.product_template_cat4","insurance_broker_car_pricing.product_attribute_fp_value_fp6,insurance_broker_car_pricing.product_attribute_seats_value_9"
"product_product_cat4_304","insurance_broker_car_pricing.product_template_cat4","insurance_broker_car_pricing.product_attribute_seats_value_10,insurance_broker_car_pricing.product_attribute_fp_value_fp6"
"product_product_cat4_305","insurance_broker_car_pricing.product_template_cat4","insurance_broker_car_pricing.product_attribute_seats_value_11,insurance_broker_car_pricing.product_attribute_fp_value_fp6"
"product_product_cat4_306","insurance_broker_car_pricing.product_template_cat4","insurance_broker_car_pricing.product_attribute_fp_value_fp6,insurance_broker_car_pricing.product_attribute_seats_value_12"
"product_product_cat4_307","insurance_broker_car_pricing.product_template_cat4","insurance_broker_car_pricing.product_attribute_fp_value_fp6,insurance_broker_car_pricing.product_attribute_seats_value_13"
"product_product_cat4_308","insurance_broker_car_pricing.product_template_cat4","insurance_broker_car_pricing.product_attribute_fp_value_fp6,insurance_broker_car_pricing.product_attribute_seats_value_14"
"product_product_cat4_309","insurance_broker_car_pricing.product_template_cat4","insurance_broker_car_pricing.product_attribute_fp_value_fp6,insurance_broker_car_pricing.product_attribute_seats_value_15"
"product_product_cat4_310","insurance_broker_car_pricing.product_template_cat4","insurance_broker_car_pricing.product_attribute_fp_value_fp6,insurance_broker_car_pricing.product_attribute_seats_value_16"
"product_product_cat4_311","insurance_broker_car_pricing.product_template_cat4","insurance_broker_car_pricing.product_attribute_seats_value_17,insurance_broker_car_pricing.product_attribute_fp_value_fp6"
"product_product_cat4_312","insurance_broker_car_pricing.product_template_cat4","insurance_broker_car_pricing.product_attribute_seats_value_18,insurance_broker_car_pricing.product_attribute_fp_value_fp6"
"product_product_cat4_313","insurance_broker_car_pricing.product_template_cat4","insurance_broker_car_pricing.product_attribute_seats_value_19,insurance_broker_car_pricing.product_attribute_fp_value_fp6"
"product_product_cat4_314","insurance_broker_car_pricing.product_template_cat4","insurance_broker_car_pricing.product_attribute_fp_value_fp6,insurance_broker_car_pricing.product_attribute_seats_value_20"
"product_product_cat4_315","insurance_broker_car_pricing.product_template_cat4","insurance_broker_car_pricing.product_attribute_seats_value_21,insurance_broker_car_pricing.product_attribute_fp_value_fp6"
"product_product_cat4_316","insurance_broker_car_pricing.product_template_cat4","insurance_broker_car_pricing.product_attribute_fp_value_fp6,insurance_broker_car_pricing.product_attribute_seats_value_22"
"product_product_cat4_317","insurance_broker_car_pricing.product_template_cat4","insurance_broker_car_pricing.product_attribute_fp_value_fp6,insurance_broker_car_pricing.product_attribute_seats_value_23"
"product_product_cat4_318","insurance_broker_car_pricing.product_template_cat4","insurance_broker_car_pricing.product_attribute_seats_value_24,insurance_broker_car_pricing.product_attribute_fp_value_fp6"
"product_product_cat4_319","insurance_broker_car_pricing.product_template_cat4","insurance_broker_car_pricing.product_attribute_fp_value_fp6,insurance_broker_car_pricing.product_attribute_seats_value_25"
"product_product_cat4_320","insurance_broker_car_pricing.product_template_cat4","insurance_broker_car_pricing.product_attribute_fp_value_fp6,insurance_broker_car_pricing.product_attribute_seats_value_26"
"product_product_cat4_321","insurance_broker_car_pricing.product_template_cat4","insurance_broker_car_pricing.product_attribute_fp_value_fp6,insurance_broker_car_pricing.product_attribute_seats_value_27"
"product_product_cat4_322","insurance_broker_car_pricing.product_template_cat4","insurance_broker_car_pricing.product_attribute_seats_value_28,insurance_broker_car_pricing.product_attribute_fp_value_fp6"
"product_product_cat4_323","insurance_broker_car_pricing.product_template_cat4","insurance_broker_car_pricing.product_attribute_seats_value_29,insurance_broker_car_pricing.product_attribute_fp_value_fp6"
"product_product_cat4_324","insurance_broker_car_pricing.product_template_cat4","insurance_broker_car_pricing.product_attribute_seats_value_30,insurance_broker_car_pricing.product_attribute_fp_value_fp6"
"product_product_cat4_325","insurance_broker_car_pricing.product_template_cat4","insurance_broker_car_pricing.product_attribute_seats_value_31,insurance_broker_car_pricing.product_attribute_fp_value_fp6"
"product_product_cat4_326","insurance_broker_car_pricing.product_template_cat4","insurance_broker_car_pricing.product_attribute_fp_value_fp6,insurance_broker_car_pricing.product_attribute_seats_value_32"
"product_product_cat4_327","insurance_broker_car_pricing.product_template_cat4","insurance_broker_car_pricing.product_attribute_fp_value_fp6,insurance_broker_car_pricing.product_attribute_seats_value_33"
"product_product_cat4_328","insurance_broker_car_pricing.product_template_cat4","insurance_broker_car_pricing.product_attribute_seats_value_34,insurance_broker_car_pricing.product_attribute_fp_value_fp6"
"product_product_cat4_329","insurance_broker_car_pricing.product_template_cat4","insurance_broker_car_pricing.product_attribute_seats_value_35,insurance_broker_car_pricing.product_attribute_fp_value_fp6"
"product_product_cat4_330","insurance_broker_car_pricing.product_template_cat4","insurance_broker_car_pricing.product_attribute_seats_value_36,insurance_broker_car_pricing.product_attribute_fp_value_fp6"
"product_product_cat4_331","insurance_broker_car_pricing.product_template_cat4","insurance_broker_car_pricing.product_attribute_seats_value_37,insurance_broker_car_pricing.product_attribute_fp_value_fp6"
"product_product_cat4_332","insurance_broker_car_pricing.product_template_cat4","insurance_broker_car_pricing.product_attribute_fp_value_fp6,insurance_broker_car_pricing.product_attribute_seats_value_38"
"product_product_cat4_333","insurance_broker_car_pricing.product_template_cat4","insurance_broker_car_pricing.product_attribute_seats_value_39,insurance_broker_car_pricing.product_attribute_fp_value_fp6"
"product_product_cat4_334","insurance_broker_car_pricing.product_template_cat4","insurance_broker_car_pricing.product_attribute_fp_value_fp6,insurance_broker_car_pricing.product_attribute_seats_value_40"
"product_product_cat4_335","insurance_broker_car_pricing.product_template_cat4","insurance_broker_car_pricing.product_attribute_fp_value_fp6,insurance_broker_car_pricing.product_attribute_seats_value_41"
"product_product_cat4_336","insurance_broker_car_pricing.product_template_cat4","insurance_broker_car_pricing.product_attribute_fp_value_fp6,insurance_broker_car_pricing.product_attribute_seats_value_42"
"product_product_cat4_337","insurance_broker_car_pricing.product_template_cat4","insurance_broker_car_pricing.product_attribute_fp_value_fp6,insurance_broker_car_pricing.product_attribute_seats_value_43"
"product_product_cat4_338","insurance_broker_car_pricing.product_template_cat4","insurance_broker_car_pricing.product_attribute_fp_value_fp6,insurance_broker_car_pricing.product_attribute_seats_value_44"
"product_product_cat4_339","insurance_broker_car_pricing.product_template_cat4","insurance_broker_car_pricing.product_attribute_fp_value_fp6,insurance_broker_car_pricing.product_attribute_seats_value_45"
