"id","expense_id/id","income_id/id","weight"
"account_analytic_line_link_26","account_analytic_quant.line107","account_analytic_quant.line_income_16","1"
"account_analytic_line_link_27","account_analytic_quant.line34","account_analytic_quant.line_income_16","1"
"account_analytic_line_link_28","account_analytic_quant.line42","account_analytic_quant.line_income_16","1"
"account_analytic_line_link_29","account_analytic_quant.line52","account_analytic_quant.line_income_16","1"
"account_analytic_line_link_30","account_analytic_quant.line129","account_analytic_quant.line_income_16","1"
"account_analytic_line_link_31","account_analytic_quant.line194","account_analytic_quant.line_income_16","1"
"account_analytic_line_link_32","account_analytic_quant.line8","account_analytic_quant.line_income_16","1"
"account_analytic_line_link_33","account_analytic_quant.line71","account_analytic_quant.line_income_16","1"
"account_analytic_line_link_34","account_analytic_quant.line185","account_analytic_quant.line_income_16","1"
"account_analytic_line_link_35","account_analytic_quant.line158","account_analytic_quant.line_income_16","1"
"account_analytic_line_link_36","account_analytic_quant.line199","account_analytic_quant.line_income_16","1"
"account_analytic_line_link_37","account_analytic_quant.line97","account_analytic_quant.line_income_16","1"
"account_analytic_line_link_38","account_analytic_quant.line95","account_analytic_quant.line_income_16","1"
"account_analytic_line_link_39","account_analytic_quant.line179","account_analytic_quant.line_income_16","1"
"account_analytic_line_link_40","account_analytic_quant.line176","account_analytic_quant.line_income_16","1"
"account_analytic_line_link_41","account_analytic_quant.line12","account_analytic_quant.line_income_16","1"
"account_analytic_line_link_42","account_analytic_quant.line27","account_analytic_quant.line_income_16","1"
"account_analytic_line_link_43","account_analytic_quant.line167","account_analytic_quant.line_income_16","1"
"account_analytic_line_link_44","account_analytic_quant.line29","account_analytic_quant.line_income_16","1"
"account_analytic_line_link_45","account_analytic_quant.line106","account_analytic_quant.line_income_16","1"
"account_analytic_line_link_46","account_analytic_quant.line36","account_analytic_quant.line_income_16","1"
"account_analytic_line_link_47","account_analytic_quant.line73","account_analytic_quant.line_income_16","1"
"account_analytic_line_link_48","account_analytic_quant.line79","account_analytic_quant.line_income_16","1"
"account_analytic_line_link_49","account_analytic_quant.line148","account_analytic_quant.line_income_16","1"
"account_analytic_line_link_50","account_analytic_quant.line142","account_analytic_quant.line_income_16","1"
"account_analytic_line_link_51","account_analytic_quant.line1","account_analytic_quant.line_income_16","1"
"account_analytic_line_link_52","account_analytic_quant.line70","account_analytic_quant.line_income_16","1"
"account_analytic_line_link_53","account_analytic_quant.line109","account_analytic_quant.line_income_16","1"
"account_analytic_line_link_54","account_analytic_quant.line26","account_analytic_quant.line_income_16","1"
"account_analytic_line_link_55","account_analytic_quant.line182","account_analytic_quant.line_income_16","1"
"account_analytic_line_link_56","account_analytic_quant.line160","account_analytic_quant.line_income_16","1"
"account_analytic_line_link_57","account_analytic_quant.line123","account_analytic_quant.line_income_16","1"
"account_analytic_line_link_58","account_analytic_quant.line122","account_analytic_quant.line_income_16","1"
"account_analytic_line_link_59","account_analytic_quant.line108","account_analytic_quant.line_income_16","1"
"account_analytic_line_link_60","account_analytic_quant.line102","account_analytic_quant.line_income_16","1"
"account_analytic_line_link_61","account_analytic_quant.line46","account_analytic_quant.line_income_16","1"
"account_analytic_line_link_62","account_analytic_quant.line105","account_analytic_quant.line_income_16","1"
"account_analytic_line_link_63","account_analytic_quant.line175","account_analytic_quant.line_income_16","1"
"account_analytic_line_link_64","account_analytic_quant.line4","account_analytic_quant.line_income_16","1"
"account_analytic_line_link_65","account_analytic_quant.line141","account_analytic_quant.line_income_16","1"
"account_analytic_line_link_66","account_analytic_quant.line41","account_analytic_quant.line_income_16","1"
"account_analytic_line_link_67","account_analytic_quant.line40","account_analytic_quant.line_income_16","1"
"account_analytic_line_link_68","account_analytic_quant.line15","account_analytic_quant.line_income_16","1"
"account_analytic_line_link_69","account_analytic_quant.line69","account_analytic_quant.line_income_16","1"
"account_analytic_line_link_70","account_analytic_quant.line92","account_analytic_quant.line_income_16","1"
"account_analytic_line_link_71","account_analytic_quant.line31","account_analytic_quant.line_income_16","1"
"account_analytic_line_link_72","account_analytic_quant.line136","account_analytic_quant.line_income_16","1"
"account_analytic_line_link_73","account_analytic_quant.line101","account_analytic_quant.line_income_16","1"
"account_analytic_line_link_74","account_analytic_quant.line63","account_analytic_quant.line_income_16","1"
"account_analytic_line_link_75","account_analytic_quant.line174","account_analytic_quant.line_income_16","1"
"account_analytic_line_link_76","account_analytic_quant.line67","account_analytic_quant.line_income_16","1"
"account_analytic_line_link_77","account_analytic_quant.line154","account_analytic_quant.line_income_16","1"
"account_analytic_line_link_78","account_analytic_quant.line91","account_analytic_quant.line_income_16","1"
"account_analytic_line_link_79","account_analytic_quant.line163","account_analytic_quant.line_income_16","1"
"account_analytic_line_link_80","account_analytic_quant.line170","account_analytic_quant.line_income_16","1"
"account_analytic_line_link_81","account_analytic_quant.line25","account_analytic_quant.line_income_16","1"
"account_analytic_line_link_82","account_analytic_quant.line85","account_analytic_quant.line_income_16","1"
"account_analytic_line_link_83","account_analytic_quant.line112","account_analytic_quant.line_income_16","1"
"account_analytic_line_link_84","account_analytic_quant.line196","account_analytic_quant.line_income_16","1"
"account_analytic_line_link_85","account_analytic_quant.line56","account_analytic_quant.line_income_16","1"
"account_analytic_line_link_86","account_analytic_quant.line57","account_analytic_quant.line_income_16","1"
"account_analytic_line_link_87","account_analytic_quant.line13","account_analytic_quant.line_income_16","1"
"account_analytic_line_link_88","account_analytic_quant.line187","account_analytic_quant.line_income_16","1"
"account_analytic_line_link_89","account_analytic_quant.line65","account_analytic_quant.line_income_16","1"
"account_analytic_line_link_90","account_analytic_quant.line3","account_analytic_quant.line_income_16","1"
"account_analytic_line_link_91","account_analytic_quant.line78","account_analytic_quant.line_income_16","1"
"account_analytic_line_link_92","account_analytic_quant.line99","account_analytic_quant.line_income_16","1"
"account_analytic_line_link_93","account_analytic_quant.line157","account_analytic_quant.line_income_16","1"
"account_analytic_line_link_94","account_analytic_quant.line2","account_analytic_quant.line_income_16","1"
"account_analytic_line_link_95","account_analytic_quant.line133","account_analytic_quant.line_income_16","1"
"account_analytic_line_link_96","account_analytic_quant.line147","account_analytic_quant.line_income_15","1"
"account_analytic_line_link_97","account_analytic_quant.line146","account_analytic_quant.line_income_15","1"
"account_analytic_line_link_98","account_analytic_quant.line60","account_analytic_quant.line_income_15","1"
"account_analytic_line_link_99","account_analytic_quant.line80","account_analytic_quant.line_income_15","1"
"account_analytic_line_link_100","account_analytic_quant.line138","account_analytic_quant.line_income_15","1"
"account_analytic_line_link_101","account_analytic_quant.line178","account_analytic_quant.line_income_15","1"
"account_analytic_line_link_102","account_analytic_quant.line159","account_analytic_quant.line_income_15","1"
"account_analytic_line_link_103","account_analytic_quant.line153","account_analytic_quant.line_income_15","1"
"account_analytic_line_link_104","account_analytic_quant.line23","account_analytic_quant.line_income_15","1"
"account_analytic_line_link_105","account_analytic_quant.line75","account_analytic_quant.line_income_15","1"
"account_analytic_line_link_106","account_analytic_quant.line184","account_analytic_quant.line_income_15","1"
"account_analytic_line_link_107","account_analytic_quant.line140","account_analytic_quant.line_income_15","1"
"account_analytic_line_link_108","account_analytic_quant.line74","account_analytic_quant.line_income_15","1"
"account_analytic_line_link_109","account_analytic_quant.line61","account_analytic_quant.line_income_15","1"
"account_analytic_line_link_110","account_analytic_quant.line47","account_analytic_quant.line_income_15","1"
"account_analytic_line_link_111","account_analytic_quant.line93","account_analytic_quant.line_income_15","1"
"account_analytic_line_link_112","account_analytic_quant.line76","account_analytic_quant.line_income_15","1"
"account_analytic_line_link_113","account_analytic_quant.line191","account_analytic_quant.line_income_15","1"
"account_analytic_line_link_114","account_analytic_quant.line53","account_analytic_quant.line_income_15","1"
"account_analytic_line_link_115","account_analytic_quant.line111","account_analytic_quant.line_income_15","1"
"account_analytic_line_link_116","account_analytic_quant.line126","account_analytic_quant.line_income_15","1"
"account_analytic_line_link_117","account_analytic_quant.line45","account_analytic_quant.line_income_15","1"
"account_analytic_line_link_118","account_analytic_quant.line135","account_analytic_quant.line_income_15","1"
"account_analytic_line_link_119","account_analytic_quant.line10","account_analytic_quant.line_income_15","1"
"account_analytic_line_link_120","account_analytic_quant.line110","account_analytic_quant.line_income_15","1"
"account_analytic_line_link_121","account_analytic_quant.line130","account_analytic_quant.line_income_15","1"
"account_analytic_line_link_122","account_analytic_quant.line38","account_analytic_quant.line_income_15","1"
"account_analytic_line_link_123","account_analytic_quant.line16","account_analytic_quant.line_income_15","1"
"account_analytic_line_link_124","account_analytic_quant.line192","account_analytic_quant.line_income_15","1"
"account_analytic_line_link_125","account_analytic_quant.line118","account_analytic_quant.line_income_15","1"
"account_analytic_line_link_126","account_analytic_quant.line128","account_analytic_quant.line_income_15","1"
"account_analytic_line_link_127","account_analytic_quant.line88","account_analytic_quant.line_income_15","1"
"account_analytic_line_link_128","account_analytic_quant.line195","account_analytic_quant.line_income_15","1"
"account_analytic_line_link_129","account_analytic_quant.line87","account_analytic_quant.line_income_15","1"
"account_analytic_line_link_130","account_analytic_quant.line11","account_analytic_quant.line_income_15","1"
"account_analytic_line_link_131","account_analytic_quant.line151","account_analytic_quant.line_income_15","1"
"account_analytic_line_link_132","account_analytic_quant.line114","account_analytic_quant.line_income_15","1"
"account_analytic_line_link_133","account_analytic_quant.line96","account_analytic_quant.line_income_12","1"
"account_analytic_line_link_134","account_analytic_quant.line68","account_analytic_quant.line_income_12","1"
"account_analytic_line_link_135","account_analytic_quant.line172","account_analytic_quant.line_income_12","1"
"account_analytic_line_link_136","account_analytic_quant.line89","account_analytic_quant.line_income_12","1"
"account_analytic_line_link_137","account_analytic_quant.line9","account_analytic_quant.line_income_12","1"
"account_analytic_line_link_138","account_analytic_quant.line193","account_analytic_quant.line_income_12","1"
"account_analytic_line_link_139","account_analytic_quant.line94","account_analytic_quant.line_income_12","1"
"account_analytic_line_link_140","account_analytic_quant.line144","account_analytic_quant.line_income_12","1"
"account_analytic_line_link_141","account_analytic_quant.line189","account_analytic_quant.line_income_12","1"
"account_analytic_line_link_142","account_analytic_quant.line188","account_analytic_quant.line_income_12","1"
"account_analytic_line_link_143","account_analytic_quant.line180","account_analytic_quant.line_income_12","1"
"account_analytic_line_link_144","account_analytic_quant.line125","account_analytic_quant.line_income_12","1"
"account_analytic_line_link_145","account_analytic_quant.line149","account_analytic_quant.line_income_12","1"
"account_analytic_line_link_146","account_analytic_quant.line59","account_analytic_quant.line_income_12","1"
"account_analytic_line_link_147","account_analytic_quant.line103","account_analytic_quant.line_income_12","1"
"account_analytic_line_link_148","account_analytic_quant.line90","account_analytic_quant.line_income_7","1"
"account_analytic_line_link_149","account_analytic_quant.line33","account_analytic_quant.line_income_7","1"
"account_analytic_line_link_150","account_analytic_quant.line84","account_analytic_quant.line_income_7","1"
"account_analytic_line_link_151","account_analytic_quant.line28","account_analytic_quant.line_income_7","1"
"account_analytic_line_link_152","account_analytic_quant.line173","account_analytic_quant.line_income_7","1"
"account_analytic_line_link_153","account_analytic_quant.line62","account_analytic_quant.line_income_7","1"
"account_analytic_line_link_154","account_analytic_quant.line55","account_analytic_quant.line_income_7","1"
"account_analytic_line_link_155","account_analytic_quant.line49","account_analytic_quant.line_income_7","1"
"account_analytic_line_link_156","account_analytic_quant.line22","account_analytic_quant.line_income_7","1"
"account_analytic_line_link_157","account_analytic_quant.line145","account_analytic_quant.line_income_7","1"
"account_analytic_line_link_158","account_analytic_quant.line6","account_analytic_quant.line_income_6","1"
"account_analytic_line_link_159","account_analytic_quant.line30","account_analytic_quant.line_income_6","1"
"account_analytic_line_link_160","account_analytic_quant.line66","account_analytic_quant.line_income_6","1"
"account_analytic_line_link_161","account_analytic_quant.line147","account_analytic_quant.line_income_5","1"
"account_analytic_line_link_162","account_analytic_quant.line146","account_analytic_quant.line_income_5","1"
"account_analytic_line_link_163","account_analytic_quant.line60","account_analytic_quant.line_income_5","1"
"account_analytic_line_link_164","account_analytic_quant.line80","account_analytic_quant.line_income_5","1"
"account_analytic_line_link_165","account_analytic_quant.line138","account_analytic_quant.line_income_5","1"
"account_analytic_line_link_166","account_analytic_quant.line178","account_analytic_quant.line_income_5","1"
"account_analytic_line_link_167","account_analytic_quant.line159","account_analytic_quant.line_income_5","1"
"account_analytic_line_link_168","account_analytic_quant.line153","account_analytic_quant.line_income_5","1"
"account_analytic_line_link_169","account_analytic_quant.line23","account_analytic_quant.line_income_5","1"
"account_analytic_line_link_170","account_analytic_quant.line75","account_analytic_quant.line_income_5","1"
"account_analytic_line_link_171","account_analytic_quant.line184","account_analytic_quant.line_income_5","1"
"account_analytic_line_link_172","account_analytic_quant.line140","account_analytic_quant.line_income_5","1"
"account_analytic_line_link_173","account_analytic_quant.line74","account_analytic_quant.line_income_5","1"
"account_analytic_line_link_174","account_analytic_quant.line61","account_analytic_quant.line_income_5","1"
"account_analytic_line_link_175","account_analytic_quant.line47","account_analytic_quant.line_income_5","1"
"account_analytic_line_link_176","account_analytic_quant.line93","account_analytic_quant.line_income_5","1"
"account_analytic_line_link_177","account_analytic_quant.line76","account_analytic_quant.line_income_5","1"
"account_analytic_line_link_178","account_analytic_quant.line191","account_analytic_quant.line_income_5","1"
"account_analytic_line_link_179","account_analytic_quant.line53","account_analytic_quant.line_income_5","1"
"account_analytic_line_link_180","account_analytic_quant.line111","account_analytic_quant.line_income_5","1"
"account_analytic_line_link_181","account_analytic_quant.line126","account_analytic_quant.line_income_5","1"
"account_analytic_line_link_182","account_analytic_quant.line45","account_analytic_quant.line_income_5","1"
"account_analytic_line_link_183","account_analytic_quant.line135","account_analytic_quant.line_income_5","1"
"account_analytic_line_link_184","account_analytic_quant.line10","account_analytic_quant.line_income_5","1"
"account_analytic_line_link_185","account_analytic_quant.line110","account_analytic_quant.line_income_5","1"
"account_analytic_line_link_186","account_analytic_quant.line130","account_analytic_quant.line_income_5","1"
"account_analytic_line_link_187","account_analytic_quant.line38","account_analytic_quant.line_income_5","1"
"account_analytic_line_link_188","account_analytic_quant.line16","account_analytic_quant.line_income_5","1"
"account_analytic_line_link_189","account_analytic_quant.line192","account_analytic_quant.line_income_5","1"
"account_analytic_line_link_190","account_analytic_quant.line118","account_analytic_quant.line_income_5","1"
"account_analytic_line_link_191","account_analytic_quant.line128","account_analytic_quant.line_income_5","1"
"account_analytic_line_link_192","account_analytic_quant.line88","account_analytic_quant.line_income_5","1"
"account_analytic_line_link_193","account_analytic_quant.line195","account_analytic_quant.line_income_5","1"
"account_analytic_line_link_194","account_analytic_quant.line87","account_analytic_quant.line_income_5","1"
"account_analytic_line_link_195","account_analytic_quant.line11","account_analytic_quant.line_income_5","1"
"account_analytic_line_link_196","account_analytic_quant.line151","account_analytic_quant.line_income_5","1"
"account_analytic_line_link_197","account_analytic_quant.line114","account_analytic_quant.line_income_5","1"
"account_analytic_line_link_198","account_analytic_quant.line107","account_analytic_quant.line_income_5","1"
"account_analytic_line_link_199","account_analytic_quant.line34","account_analytic_quant.line_income_5","1"
"account_analytic_line_link_200","account_analytic_quant.line42","account_analytic_quant.line_income_5","1"
"account_analytic_line_link_201","account_analytic_quant.line52","account_analytic_quant.line_income_5","1"
"account_analytic_line_link_202","account_analytic_quant.line129","account_analytic_quant.line_income_5","1"
"account_analytic_line_link_203","account_analytic_quant.line194","account_analytic_quant.line_income_5","1"
"account_analytic_line_link_204","account_analytic_quant.line8","account_analytic_quant.line_income_5","1"
"account_analytic_line_link_205","account_analytic_quant.line71","account_analytic_quant.line_income_5","1"
"account_analytic_line_link_206","account_analytic_quant.line185","account_analytic_quant.line_income_5","1"
"account_analytic_line_link_207","account_analytic_quant.line158","account_analytic_quant.line_income_5","1"
"account_analytic_line_link_208","account_analytic_quant.line199","account_analytic_quant.line_income_5","1"
"account_analytic_line_link_209","account_analytic_quant.line97","account_analytic_quant.line_income_5","1"
"account_analytic_line_link_210","account_analytic_quant.line95","account_analytic_quant.line_income_5","1"
"account_analytic_line_link_211","account_analytic_quant.line179","account_analytic_quant.line_income_5","1"
"account_analytic_line_link_212","account_analytic_quant.line176","account_analytic_quant.line_income_5","1"
"account_analytic_line_link_213","account_analytic_quant.line12","account_analytic_quant.line_income_5","1"
"account_analytic_line_link_214","account_analytic_quant.line27","account_analytic_quant.line_income_5","1"
"account_analytic_line_link_215","account_analytic_quant.line167","account_analytic_quant.line_income_5","1"
"account_analytic_line_link_216","account_analytic_quant.line29","account_analytic_quant.line_income_5","1"
"account_analytic_line_link_217","account_analytic_quant.line106","account_analytic_quant.line_income_5","1"
"account_analytic_line_link_218","account_analytic_quant.line36","account_analytic_quant.line_income_5","1"
"account_analytic_line_link_219","account_analytic_quant.line73","account_analytic_quant.line_income_5","1"
"account_analytic_line_link_220","account_analytic_quant.line79","account_analytic_quant.line_income_5","1"
"account_analytic_line_link_221","account_analytic_quant.line148","account_analytic_quant.line_income_5","1"
"account_analytic_line_link_222","account_analytic_quant.line142","account_analytic_quant.line_income_5","1"
"account_analytic_line_link_223","account_analytic_quant.line1","account_analytic_quant.line_income_5","1"
"account_analytic_line_link_224","account_analytic_quant.line70","account_analytic_quant.line_income_5","1"
"account_analytic_line_link_225","account_analytic_quant.line109","account_analytic_quant.line_income_5","1"
"account_analytic_line_link_226","account_analytic_quant.line26","account_analytic_quant.line_income_5","1"
"account_analytic_line_link_227","account_analytic_quant.line182","account_analytic_quant.line_income_5","1"
"account_analytic_line_link_228","account_analytic_quant.line160","account_analytic_quant.line_income_5","1"
"account_analytic_line_link_229","account_analytic_quant.line123","account_analytic_quant.line_income_5","1"
"account_analytic_line_link_230","account_analytic_quant.line122","account_analytic_quant.line_income_5","1"
"account_analytic_line_link_231","account_analytic_quant.line108","account_analytic_quant.line_income_5","1"
"account_analytic_line_link_232","account_analytic_quant.line102","account_analytic_quant.line_income_5","1"
"account_analytic_line_link_233","account_analytic_quant.line46","account_analytic_quant.line_income_5","1"
"account_analytic_line_link_234","account_analytic_quant.line105","account_analytic_quant.line_income_5","1"
"account_analytic_line_link_235","account_analytic_quant.line175","account_analytic_quant.line_income_5","1"
"account_analytic_line_link_236","account_analytic_quant.line4","account_analytic_quant.line_income_5","1"
"account_analytic_line_link_237","account_analytic_quant.line141","account_analytic_quant.line_income_5","1"
"account_analytic_line_link_238","account_analytic_quant.line41","account_analytic_quant.line_income_5","1"
"account_analytic_line_link_239","account_analytic_quant.line40","account_analytic_quant.line_income_5","1"
"account_analytic_line_link_240","account_analytic_quant.line15","account_analytic_quant.line_income_5","1"
"account_analytic_line_link_241","account_analytic_quant.line69","account_analytic_quant.line_income_5","1"
"account_analytic_line_link_242","account_analytic_quant.line92","account_analytic_quant.line_income_5","1"
"account_analytic_line_link_243","account_analytic_quant.line31","account_analytic_quant.line_income_5","1"
"account_analytic_line_link_244","account_analytic_quant.line136","account_analytic_quant.line_income_5","1"
"account_analytic_line_link_245","account_analytic_quant.line101","account_analytic_quant.line_income_5","1"
"account_analytic_line_link_246","account_analytic_quant.line63","account_analytic_quant.line_income_5","1"
"account_analytic_line_link_247","account_analytic_quant.line174","account_analytic_quant.line_income_5","1"
"account_analytic_line_link_248","account_analytic_quant.line67","account_analytic_quant.line_income_5","1"
"account_analytic_line_link_249","account_analytic_quant.line154","account_analytic_quant.line_income_5","1"
"account_analytic_line_link_250","account_analytic_quant.line91","account_analytic_quant.line_income_5","1"
"account_analytic_line_link_251","account_analytic_quant.line163","account_analytic_quant.line_income_5","1"
"account_analytic_line_link_252","account_analytic_quant.line170","account_analytic_quant.line_income_5","1"
"account_analytic_line_link_253","account_analytic_quant.line25","account_analytic_quant.line_income_5","1"
"account_analytic_line_link_254","account_analytic_quant.line85","account_analytic_quant.line_income_5","1"
"account_analytic_line_link_255","account_analytic_quant.line112","account_analytic_quant.line_income_5","1"
"account_analytic_line_link_256","account_analytic_quant.line196","account_analytic_quant.line_income_5","1"
"account_analytic_line_link_257","account_analytic_quant.line56","account_analytic_quant.line_income_5","1"
"account_analytic_line_link_258","account_analytic_quant.line57","account_analytic_quant.line_income_5","1"
"account_analytic_line_link_259","account_analytic_quant.line13","account_analytic_quant.line_income_5","1"
"account_analytic_line_link_260","account_analytic_quant.line187","account_analytic_quant.line_income_5","1"
"account_analytic_line_link_261","account_analytic_quant.line65","account_analytic_quant.line_income_5","1"
"account_analytic_line_link_262","account_analytic_quant.line3","account_analytic_quant.line_income_5","1"
"account_analytic_line_link_263","account_analytic_quant.line78","account_analytic_quant.line_income_5","1"
"account_analytic_line_link_264","account_analytic_quant.line99","account_analytic_quant.line_income_5","1"
"account_analytic_line_link_265","account_analytic_quant.line157","account_analytic_quant.line_income_5","1"
"account_analytic_line_link_266","account_analytic_quant.line2","account_analytic_quant.line_income_5","1"
"account_analytic_line_link_267","account_analytic_quant.line133","account_analytic_quant.line_income_5","1"
"account_analytic_line_link_268","account_analytic_quant.line168","account_analytic_quant.line_income_1","1"
"account_analytic_line_link_269","account_analytic_quant.line150","account_analytic_quant.line_income_1","1"
"account_analytic_line_link_270","account_analytic_quant.line24","account_analytic_quant.line_income_1","1"
"account_analytic_line_link_271","account_analytic_quant.line189","account_analytic_quant.line_income_1","1"
"account_analytic_line_link_272","account_analytic_quant.line188","account_analytic_quant.line_income_1","1"
"account_analytic_line_link_273","account_analytic_quant.line180","account_analytic_quant.line_income_1","1"
"account_analytic_line_link_274","account_analytic_quant.line125","account_analytic_quant.line_income_1","1"
"account_analytic_line_link_275","account_analytic_quant.line149","account_analytic_quant.line_income_1","1"
"account_analytic_line_link_276","account_analytic_quant.line59","account_analytic_quant.line_income_1","1"
"account_analytic_line_link_277","account_analytic_quant.line103","account_analytic_quant.line_income_1","1"
"account_analytic_line_link_278","account_analytic_quant.line116","account_analytic_quant.line_income_18","1"
"account_analytic_line_link_279","account_analytic_quant.line100","account_analytic_quant.line_income_18","1"
"account_analytic_line_link_280","account_analytic_quant.line82","account_analytic_quant.line_income_18","1"
"account_analytic_line_link_281","account_analytic_quant.line190","account_analytic_quant.line_income_18","1"
"account_analytic_line_link_282","account_analytic_quant.line177","account_analytic_quant.line_income_18","1"
"account_analytic_line_link_283","account_analytic_quant.line32","account_analytic_quant.line_income_18","1"
"account_analytic_line_link_284","account_analytic_quant.line165","account_analytic_quant.line_income_18","1"
"account_analytic_line_link_285","account_analytic_quant.line155","account_analytic_quant.line_income_18","1"
"account_analytic_line_link_286","account_analytic_quant.line37","account_analytic_quant.line_income_18","1"
"account_analytic_line_link_287","account_analytic_quant.line186","account_analytic_quant.line_income_18","1"
"account_analytic_line_link_288","account_analytic_quant.line113","account_analytic_quant.line_income_18","1"
"account_analytic_line_link_289","account_analytic_quant.line161","account_analytic_quant.line_income_18","1"
"account_analytic_line_link_290","account_analytic_quant.line183","account_analytic_quant.line_income_18","1"
"account_analytic_line_link_291","account_analytic_quant.line181","account_analytic_quant.line_income_18","1"
"account_analytic_line_link_292","account_analytic_quant.line98","account_analytic_quant.line_income_18","1"
"account_analytic_line_link_293","account_analytic_quant.line143","account_analytic_quant.line_income_18","1"
"account_analytic_line_link_294","account_analytic_quant.line117","account_analytic_quant.line_income_18","1"
"account_analytic_line_link_295","account_analytic_quant.line120","account_analytic_quant.line_income_18","1"
"account_analytic_line_link_296","account_analytic_quant.line137","account_analytic_quant.line_income_18","1"
"account_analytic_line_link_297","account_analytic_quant.line51","account_analytic_quant.line_income_18","1"
"account_analytic_line_link_298","account_analytic_quant.line166","account_analytic_quant.line_income_18","1"
"account_analytic_line_link_299","account_analytic_quant.line127","account_analytic_quant.line_income_18","1"
"account_analytic_line_link_300","account_analytic_quant.line64","account_analytic_quant.line_income_18","1"
"account_analytic_line_link_301","account_analytic_quant.line7","account_analytic_quant.line_income_18","1"
"account_analytic_line_link_302","account_analytic_quant.line19","account_analytic_quant.line_income_18","1"
"account_analytic_line_link_303","account_analytic_quant.line35","account_analytic_quant.line_income_17","1"
"account_analytic_line_link_304","account_analytic_quant.line139","account_analytic_quant.line_income_17","1"
"account_analytic_line_link_305","account_analytic_quant.line119","account_analytic_quant.line_income_17","1"
"account_analytic_line_link_306","account_analytic_quant.line21","account_analytic_quant.line_income_17","1"
"account_analytic_line_link_307","account_analytic_quant.line132","account_analytic_quant.line_income_17","1"
"account_analytic_line_link_308","account_analytic_quant.line5","account_analytic_quant.line_income_17","1"
"account_analytic_line_link_309","account_analytic_quant.line152","account_analytic_quant.line_income_17","1"
"account_analytic_line_link_310","account_analytic_quant.line83","account_analytic_quant.line_income_17","1"
"account_analytic_line_link_311","account_analytic_quant.line169","account_analytic_quant.line_income_17","1"
"account_analytic_line_link_312","account_analytic_quant.line124","account_analytic_quant.line_income_17","1"
"account_analytic_line_link_313","account_analytic_quant.line134","account_analytic_quant.line_income_17","1"
"account_analytic_line_link_314","account_analytic_quant.line39","account_analytic_quant.line_income_17","1"
"account_analytic_line_link_315","account_analytic_quant.line58","account_analytic_quant.line_income_14","1"
"account_analytic_line_link_316","account_analytic_quant.line104","account_analytic_quant.line_income_14","1"
"account_analytic_line_link_317","account_analytic_quant.line48","account_analytic_quant.line_income_14","1"
"account_analytic_line_link_318","account_analytic_quant.line81","account_analytic_quant.line_income_14","1"
"account_analytic_line_link_319","account_analytic_quant.line18","account_analytic_quant.line_income_14","1"
"account_analytic_line_link_320","account_analytic_quant.line50","account_analytic_quant.line_income_14","1"
"account_analytic_line_link_321","account_analytic_quant.line77","account_analytic_quant.line_income_14","1"
"account_analytic_line_link_322","account_analytic_quant.line131","account_analytic_quant.line_income_14","1"
"account_analytic_line_link_323","account_analytic_quant.line6","account_analytic_quant.line_income_13","8"
"account_analytic_line_link_324","account_analytic_quant.line30","account_analytic_quant.line_income_13","8"
"account_analytic_line_link_325","account_analytic_quant.line66","account_analytic_quant.line_income_13","8"
"account_analytic_line_link_326","account_analytic_quant.line20","account_analytic_quant.line_income_13","2"
"account_analytic_line_link_327","account_analytic_quant.line115","account_analytic_quant.line_income_13","2"
"account_analytic_line_link_328","account_analytic_quant.line18","account_analytic_quant.line_income_11","1"
"account_analytic_line_link_329","account_analytic_quant.line50","account_analytic_quant.line_income_11","1"
"account_analytic_line_link_330","account_analytic_quant.line77","account_analytic_quant.line_income_11","1"
"account_analytic_line_link_331","account_analytic_quant.line131","account_analytic_quant.line_income_11","1"
"account_analytic_line_link_332","account_analytic_quant.line83","account_analytic_quant.line_income_11","1"
"account_analytic_line_link_333","account_analytic_quant.line169","account_analytic_quant.line_income_11","1"
"account_analytic_line_link_334","account_analytic_quant.line124","account_analytic_quant.line_income_11","1"
"account_analytic_line_link_335","account_analytic_quant.line134","account_analytic_quant.line_income_11","1"
"account_analytic_line_link_336","account_analytic_quant.line39","account_analytic_quant.line_income_11","1"
"account_analytic_line_link_337","account_analytic_quant.line166","account_analytic_quant.line_income_11","1"
"account_analytic_line_link_338","account_analytic_quant.line127","account_analytic_quant.line_income_11","1"
"account_analytic_line_link_339","account_analytic_quant.line64","account_analytic_quant.line_income_11","1"
"account_analytic_line_link_340","account_analytic_quant.line7","account_analytic_quant.line_income_11","1"
"account_analytic_line_link_341","account_analytic_quant.line19","account_analytic_quant.line_income_11","1"
"account_analytic_line_link_342","account_analytic_quant.line72","account_analytic_quant.line_income_20","1"
"account_analytic_line_link_343","account_analytic_quant.line121","account_analytic_quant.line_income_20","1"
"account_analytic_line_link_344","account_analytic_quant.line54","account_analytic_quant.line_income_20","3"
"account_analytic_line_link_345","account_analytic_quant.line198","account_analytic_quant.line_income_19","1"
"account_analytic_line_link_346","account_analytic_quant.line17","account_analytic_quant.line_income_19","1"
"account_analytic_line_link_347","account_analytic_quant.line14","account_analytic_quant.line_income_19","1"
"account_analytic_line_link_348","account_analytic_quant.line171","account_analytic_quant.line_income_19","1"
"account_analytic_line_link_349","account_analytic_quant.line86","account_analytic_quant.line_income_9","1"
"account_analytic_line_link_350","account_analytic_quant.line164","account_analytic_quant.line_income_9","1"
"account_analytic_line_link_351","account_analytic_quant.line44","account_analytic_quant.line_income_9","1"
"account_analytic_line_link_352","account_analytic_quant.line86","account_analytic_quant.line_income_2","1"
"account_analytic_line_link_353","account_analytic_quant.line58","account_analytic_quant.line_income_10","1"
"account_analytic_line_link_354","account_analytic_quant.line104","account_analytic_quant.line_income_10","1"
"account_analytic_line_link_355","account_analytic_quant.line48","account_analytic_quant.line_income_10","1"
"account_analytic_line_link_356","account_analytic_quant.line81","account_analytic_quant.line_income_10","1"
"account_analytic_line_link_357","account_analytic_quant.line18","account_analytic_quant.line_income_10","1"
"account_analytic_line_link_358","account_analytic_quant.line50","account_analytic_quant.line_income_10","1"
"account_analytic_line_link_359","account_analytic_quant.line77","account_analytic_quant.line_income_10","1"
"account_analytic_line_link_360","account_analytic_quant.line131","account_analytic_quant.line_income_10","1"
"account_analytic_line_link_361","account_analytic_quant.line90","account_analytic_quant.line_income_10","1"
"account_analytic_line_link_362","account_analytic_quant.line33","account_analytic_quant.line_income_10","1"
"account_analytic_line_link_363","account_analytic_quant.line84","account_analytic_quant.line_income_10","1"
"account_analytic_line_link_364","account_analytic_quant.line28","account_analytic_quant.line_income_10","1"
"account_analytic_line_link_365","account_analytic_quant.line173","account_analytic_quant.line_income_10","1"
"account_analytic_line_link_366","account_analytic_quant.line62","account_analytic_quant.line_income_10","1"
"account_analytic_line_link_367","account_analytic_quant.line55","account_analytic_quant.line_income_10","1"
"account_analytic_line_link_368","account_analytic_quant.line49","account_analytic_quant.line_income_10","1"
"account_analytic_line_link_369","account_analytic_quant.line22","account_analytic_quant.line_income_10","1"
"account_analytic_line_link_370","account_analytic_quant.line145","account_analytic_quant.line_income_10","1"
"account_analytic_line_link_371","account_analytic_quant.line198","account_analytic_quant.line_income_8","1"
"account_analytic_line_link_372","account_analytic_quant.line17","account_analytic_quant.line_income_8","1"
"account_analytic_line_link_373","account_analytic_quant.line14","account_analytic_quant.line_income_8","1"
"account_analytic_line_link_374","account_analytic_quant.line171","account_analytic_quant.line_income_8","1"
"account_analytic_line_link_375","account_analytic_quant.line200","account_analytic_quant.line_income_4","1"
"account_analytic_line_link_376","account_analytic_quant.line162","account_analytic_quant.line_income_3","1"
"account_analytic_line_link_377","account_analytic_quant.line_periodic_expense_ae3_0","account_analytic_quant.line_income_1","1"
"account_analytic_line_link_378","account_analytic_quant.line_periodic_expense_ae3_0","account_analytic_quant.line_income_5","1"
"account_analytic_line_link_379","account_analytic_quant.line_periodic_expense_ae3_0","account_analytic_quant.line_income_6","1"
"account_analytic_line_link_380","account_analytic_quant.line_periodic_expense_ae3_0","account_analytic_quant.line_income_7","1"
"account_analytic_line_link_381","account_analytic_quant.line_periodic_expense_ae3_0","account_analytic_quant.line_income_12","1"
"account_analytic_line_link_382","account_analytic_quant.line_periodic_expense_ae3_0","account_analytic_quant.line_income_15","1"
"account_analytic_line_link_383","account_analytic_quant.line_periodic_expense_ae3_0","account_analytic_quant.line_income_16","1"
"account_analytic_line_link_384","account_analytic_quant.line_periodic_expense_ae3_1","account_analytic_quant.line_income_17","1"
"account_analytic_line_link_385","account_analytic_quant.line_periodic_expense_ae3_1","account_analytic_quant.line_income_18","1"
"account_analytic_line_link_386","account_analytic_quant.line_periodic_expense_ae3_1","account_analytic_quant.line_income_1","1"
"account_analytic_line_link_387","account_analytic_quant.line_periodic_expense_ae3_2","account_analytic_quant.line_income_11","1"
"account_analytic_line_link_388","account_analytic_quant.line_periodic_expense_ae3_2","account_analytic_quant.line_income_13","1"
"account_analytic_line_link_389","account_analytic_quant.line_periodic_expense_ae3_2","account_analytic_quant.line_income_14","1"
"account_analytic_line_link_390","account_analytic_quant.line_periodic_expense_ae2_2","account_analytic_quant.line_income_1","1"
"account_analytic_line_link_391","account_analytic_quant.line_periodic_expense_ae2_2","account_analytic_quant.line_income_5","1"
"account_analytic_line_link_392","account_analytic_quant.line_periodic_expense_ae2_2","account_analytic_quant.line_income_7","1"
"account_analytic_line_link_393","account_analytic_quant.line_periodic_expense_ae2_2","account_analytic_quant.line_income_12","1"
"account_analytic_line_link_394","account_analytic_quant.line_periodic_expense_ae2_2","account_analytic_quant.line_income_15","1"
"account_analytic_line_link_395","account_analytic_quant.line_periodic_expense_ae2_2","account_analytic_quant.line_income_16","1"
"account_analytic_line_link_396","account_analytic_quant.line_periodic_expense_ae2_1","account_analytic_quant.line_income_11","1"
"account_analytic_line_link_397","account_analytic_quant.line_periodic_expense_ae2_1","account_analytic_quant.line_income_13","1"
"account_analytic_line_link_398","account_analytic_quant.line_periodic_expense_ae2_1","account_analytic_quant.line_income_14","1"
"account_analytic_line_link_399","account_analytic_quant.line_periodic_expense_ae2_1","account_analytic_quant.line_income_17","1"
"account_analytic_line_link_400","account_analytic_quant.line_periodic_expense_ae2_1","account_analytic_quant.line_income_18","1"
"account_analytic_line_link_401","account_analytic_quant.line_periodic_expense_ae2_0","account_analytic_quant.line_income_8","1"
"account_analytic_line_link_402","account_analytic_quant.line_periodic_expense_ae2_0","account_analytic_quant.line_income_10","1"
"account_analytic_line_link_403","account_analytic_quant.line_periodic_expense_ae2_0","account_analytic_quant.line_income_2","1"
"account_analytic_line_link_404","account_analytic_quant.line_periodic_expense_ae2_0","account_analytic_quant.line_income_9","1"
"account_analytic_line_link_405","account_analytic_quant.line_periodic_expense_ae2_0","account_analytic_quant.line_income_19","1"
"account_analytic_line_link_406","account_analytic_quant.line_periodic_expense_ae2_0","account_analytic_quant.line_income_20","1"
"account_analytic_line_link_407","account_analytic_quant.line_periodic_expense_ae2_1","account_analytic_quant.line_income_3","1"
